﻿<?xml version="1.0" encoding="utf-8" ?>
<root>
  <!--问题-->
  <Questions>  
    <Item>
      <Question>您母亲的姓名是？</Question>
    </Item>
    <Item>
      <Question>您父亲的姓名是？</Question>
    </Item>
    <Item>
      <Question>您配偶的姓名是？</Question>
    </Item>
    <Item>
      <Question>您的出生地是？</Question>
    </Item>
    <Item>
      <Question>您高中班主任的姓名是？</Question>
    </Item>
    <Item>
      <Question>您初中班主任的姓名是？</Question>
    </Item>
    <Item>
      <Question>您小学班主任的姓名是？</Question>
    </Item>
    <Item>
      <Question>您的小学校名是？</Question>
    </Item>
    <Item>
      <Question>您的学号（或工号）是？</Question>
    </Item>
    <Item>
      <Question>您母亲的生日是？</Question>
    </Item>
    <Item>
      <Question>您父亲的生日是？</Question>
    </Item>
    <Item>
      <Question>您配偶的生日是？</Question>
    </Item>
    <Item>
      <Question>您最熟悉的童年好友名字是？</Question>
    </Item>
    <Item>
      <Question>对您影响最大的人名字是？</Question>
    </Item>
  </Questions>
</root>